,id,link,label
0,1,http://www.aiaportland.com/,News
1,2,http://www.geocities.com/animemangadiva13/,News
2,3,http://saveescaflowne.homestead.com/,Health
3,4,http://www.geocities.com/animemangadiva13/,News
4,5,http://saveescaflowne.homestead.com/,Health
5,6,http://www.geocities.com/animemangadiva13/,News
6,7,http://saveescaflowne.homestead.com/,Health
7,8,http://www.geocities.com/animemangadiva13/,News
8,9,http://saveescaflowne.homestead.com/,Health
9,10,http://www.aiaportland.com/,News
